time,temperature,humidity,light_intensity,soil_ph,pollinate
23:20,30.4,85.3,5549,5.1,no
06:50,27.7,75.2,6798,6.5,yes
07:30,23.4,68.6,8645,7.0,no
06:50,27.5,70.3,7058,6.1,yes
00:10,21.7,52.4,1007,7.0,no
21:30,32.8,57.2,9680,7.3,no
06:20,26.2,78.9,7008,6.4,yes
01:50,24.1,56.2,9656,5.0,no
06:50,27.7,70.3,7121,6.0,yes
05:50,30.9,77.1,6054,6.8,no
07:20,27.0,75.3,6181,6.3,yes
00:40,21.7,89.7,9276,7.3,no
19:40,25.6,75.9,9883,6.4,no
07:20,26.6,73.5,4546,6.3,yes
06:20,25.6,75.7,6036,6.5,yes
07:50,27.3,71.2,5461,6.6,yes
06:20,26.7,74.0,5881,6.2,yes
07:20,25.3,72.8,5488,6.5,yes
11:40,23.4,58.6,1388,6.3,no
22:00,25.0,83.8,3418,6.4,no
06:20,26.9,73.3,6194,6.0,yes
14:40,33.2,57.8,1210,6.4,no
19:30,33.6,73.3,9727,5.2,no
13:50,33.4,88.7,5133,5.8,no
09:40,30.5,73.3,2968,5.3,no
06:30,26.6,72.1,6396,6.7,yes
05:50,25.3,74.8,11670,5.2,no
06:40,25.7,74.4,7246,6.2,yes
06:00,25.9,74.8,4638,6.4,yes
06:50,27.4,73.8,5021,6.6,yes
06:40,27.2,77.7,6610,6.5,yes
07:20,27.9,76.4,7859,6.0,yes
07:20,25.8,73.5,7430,6.3,yes
07:10,27.6,71.8,6908,6.4,yes
13:20,32.0,75.0,7740,6.9,no
07:00,27.3,79.7,7009,6.1,yes
05:30,28.9,87.8,4907,5.8,no
00:20,23.1,67.6,4266,7.1,no
13:00,27.6,73.3,7982,6.3,no
06:20,26.9,73.2,5810,6.7,yes
06:40,26.9,76.0,6057,6.6,yes
10:30,22.6,88.0,8158,5.7,no
07:50,26.5,72.5,5673,6.6,yes
07:30,26.6,72.7,7613,6.4,yes
22:40,30.8,84.7,10534,5.1,no
07:20,25.9,73.7,6262,6.6,yes
06:30,26.6,78.8,7865,6.5,yes
06:10,25.6,79.1,6537,6.6,yes
07:40,27.4,79.0,4308,6.5,yes
05:20,29.6,87.6,11732,5.4,no
16:40,35.0,75.4,4082,5.5,no
07:10,26.5,74.0,4190,6.1,yes
03:00,34.9,67.5,6444,7.0,no
07:20,25.8,71.6,5642,6.4,yes
07:30,26.4,72.7,5638,6.3,yes
03:30,20.7,60.2,3798,6.0,no
16:40,26.5,70.0,9537,5.2,no
20:00,25.8,56.2,6089,7.2,no
06:20,21.4,73.7,10564,6.0,no
06:10,27.0,79.6,6736,6.1,yes
06:50,20.6,61.0,5125,5.7,no
07:00,27.7,71.2,6020,6.3,yes
07:30,20.3,76.7,4576,6.6,no
14:50,21.7,71.9,10976,5.6,no
20:30,27.7,86.9,1453,6.6,no
21:10,29.1,60.1,5543,6.8,no
06:30,26.7,71.5,4672,6.5,yes
13:20,28.6,73.8,1714,5.3,no
06:30,25.5,70.6,6968,6.2,yes
09:10,21.0,63.1,5487,6.5,no
03:30,21.4,52.7,7231,5.7,no
07:50,26.2,70.7,6160,6.5,yes
17:50,21.3,84.1,10017,6.3,no
09:00,30.2,70.1,3709,6.5,no
07:50,27.3,75.7,5427,6.7,yes
06:00,26.8,79.9,5834,6.3,yes
07:50,31.9,77.2,5795,6.5,no
07:10,25.8,76.2,7606,6.0,yes
07:20,26.9,74.5,4041,6.0,yes
16:30,22.8,79.9,5861,6.2,no
07:30,26.8,72.0,5900,6.8,yes
06:50,27.0,75.0,4261,6.1,yes
08:30,27.9,88.3,4503,5.3,no
20:30,25.0,56.6,2679,7.0,no
19:10,33.4,51.3,11479,7.5,no
07:00,31.5,84.7,5291,5.5,no
13:00,30.3,75.6,2345,7.0,no
07:40,25.2,76.9,4509,6.6,yes
06:50,25.7,78.4,4261,6.7,yes
11:50,31.4,62.0,3760,5.8,no
20:40,29.1,89.9,4703,6.5,no
01:30,31.6,60.5,1769,6.0,no
07:00,26.6,79.8,6630,6.5,yes
07:30,26.0,79.5,7943,6.7,yes
03:20,32.8,76.4,8769,7.0,no
18:50,31.3,75.8,6474,7.4,no
06:30,25.5,79.2,5159,6.4,yes
14:50,32.7,53.7,9969,7.4,no
11:40,27.4,79.4,9671,7.1,no
11:10,28.9,52.4,2735,7.3,no
06:40,27.4,79.0,4524,6.7,yes
07:30,26.1,73.1,7331,6.2,yes
07:30,27.2,74.8,5005,6.6,yes
13:40,28.2,69.0,3946,5.3,no
07:50,25.1,70.4,5687,6.2,yes
06:30,25.1,76.6,4931,6.0,yes
07:20,27.9,70.0,6742,6.3,yes
06:40,27.7,79.2,6980,6.4,yes
07:50,27.8,70.4,6176,6.5,yes
06:40,27.2,70.4,6463,6.3,yes
06:30,27.0,72.0,6315,6.2,yes
21:50,23.2,88.5,5340,5.4,no
06:50,31.2,51.4,1103,7.4,no
11:30,20.4,80.4,1403,7.2,no
06:30,26.8,72.9,7294,6.0,yes
07:40,25.2,73.3,5320,6.4,yes
17:10,31.9,64.6,2146,5.2,no
06:10,26.9,78.5,5178,6.0,yes
06:40,25.8,74.9,6248,6.1,yes
04:50,26.2,59.6,5960,5.2,no
17:30,28.6,58.1,9483,6.7,no
06:00,21.0,88.2,11370,5.5,no
17:50,32.4,60.2,7365,7.5,no
06:20,26.2,78.8,7697,6.2,yes
07:30,27.8,78.6,7521,6.6,yes
19:00,32.2,51.2,6242,6.9,no
07:20,25.3,75.0,4476,6.0,yes
07:40,25.6,75.3,4813,6.5,yes
08:10,26.8,61.9,9543,7.1,no
07:00,26.0,75.2,5694,6.3,yes
04:50,30.7,63.3,11010,6.9,no
01:30,23.0,78.5,7230,6.0,no
06:00,27.0,71.3,6308,6.4,yes
06:10,28.0,77.1,6653,6.3,yes
07:40,25.3,78.4,6200,6.3,yes
13:10,29.8,69.1,7614,7.3,no
19:00,34.6,62.4,10952,7.0,no
06:50,31.0,85.8,9034,5.7,no
20:30,33.1,73.4,7178,7.2,no
18:40,28.8,87.4,1962,6.0,no
04:10,20.9,82.8,10211,6.1,no
07:00,25.6,78.7,5737,6.6,yes
15:00,23.8,83.4,7442,6.9,no
07:40,26.2,74.8,7356,6.3,yes
22:20,23.7,89.5,2735,5.7,no
06:20,27.0,77.2,6144,6.4,yes
07:00,25.9,78.6,6703,6.1,yes
19:10,21.2,57.1,6577,5.2,no
06:50,27.1,70.5,7969,6.7,yes
06:00,27.4,70.5,4197,6.2,yes
20:10,25.4,70.1,4730,6.3,no
06:10,27.0,71.6,4481,6.1,yes
06:50,27.6,75.3,7971,6.4,yes
05:40,21.6,54.7,7870,6.1,no
07:10,26.3,70.7,6179,6.2,yes
06:30,26.2,79.7,4574,6.1,yes
06:20,27.2,74.7,6811,6.6,yes
16:10,21.7,63.4,4749,7.0,no
07:10,25.6,74.8,4572,6.1,yes
10:40,23.2,67.2,11371,6.1,no
07:40,27.3,77.0,7214,6.7,yes
07:00,26.2,76.8,6444,6.7,yes
06:10,27.6,73.0,7004,6.2,yes
03:20,31.2,81.0,8450,6.1,no
15:50,32.8,66.7,1372,5.7,no
05:20,24.2,86.0,7808,6.6,no
01:20,20.7,84.8,1622,5.4,no
16:20,27.3,63.6,2693,5.4,no
07:10,26.6,76.4,5805,6.2,yes
07:50,25.1,87.1,7647,5.7,no
20:00,21.9,60.6,5625,5.7,no
07:10,25.4,70.2,7526,6.5,yes
14:20,31.1,81.2,2367,5.2,no
19:40,30.3,50.5,2258,7.2,no
06:30,25.8,74.0,5945,6.2,yes
06:00,31.5,87.1,11623,7.1,no
06:20,27.7,73.5,7964,6.5,yes
09:30,24.4,83.9,6549,7.0,no
07:40,27.2,76.8,7700,6.6,yes
12:40,22.3,50.5,8790,5.5,no
22:20,28.4,72.5,3991,6.6,no
06:50,25.9,74.0,7082,6.7,yes
16:20,27.4,78.7,9430,7.2,no
09:00,24.8,80.7,1351,6.8,no
06:30,26.2,77.3,6882,6.1,yes
06:40,25.5,75.8,4236,6.6,yes
21:00,28.6,50.9,3000,7.4,no
13:50,20.4,63.7,7334,5.2,no
07:40,32.3,57.8,5569,6.0,no
13:30,33.9,64.5,7389,6.9,no
06:20,26.7,70.3,7229,6.5,yes
07:00,26.2,73.5,6583,6.7,yes
16:00,28.0,81.3,9247,6.6,no
06:30,25.4,79.0,5113,6.5,yes
06:10,26.9,78.9,5454,6.8,yes
07:00,26.6,74.5,6320,6.0,yes
17:30,25.2,50.2,4294,5.2,no
06:30,26.0,72.9,5631,6.4,yes
07:30,27.2,75.1,5071,6.3,yes
19:50,32.5,61.2,6203,6.1,no
01:20,27.0,61.2,10542,5.1,no
07:40,27.2,72.2,7353,6.0,yes
06:50,26.8,73.5,4803,6.4,yes
06:00,27.0,77.0,6407,6.1,yes
07:00,26.7,78.0,6399,6.3,yes
07:30,25.3,79.1,4802,6.2,yes
06:40,32.7,63.7,3589,6.2,no
07:50,26.4,85.5,10114,5.9,no
10:30,25.2,74.0,11052,5.4,no
07:50,26.2,78.2,5944,6.6,yes
07:40,27.5,88.5,9757,7.0,no
06:30,27.2,71.6,5323,6.1,yes
06:10,26.4,74.5,6781,6.5,yes
07:20,25.9,75.5,5220,6.1,yes
06:50,26.0,78.1,6310,6.5,yes
15:40,27.5,69.6,5476,6.3,no
22:50,30.3,74.8,6611,5.9,no
07:00,25.6,70.4,4320,6.7,yes
07:20,25.3,79.6,7465,6.4,yes
16:50,31.2,54.4,9899,5.6,no
07:00,27.0,71.9,4224,6.2,yes
06:40,28.0,70.1,5215,6.7,yes
06:30,25.1,78.4,7726,6.6,yes
22:20,26.3,75.6,1142,5.4,no
15:30,29.6,77.5,4177,5.2,no
11:40,33.2,56.0,7520,6.6,no
06:10,27.2,76.3,6250,6.3,yes
06:40,27.8,79.8,6044,6.2,yes
13:00,29.8,76.3,5269,6.6,no
07:40,27.6,71.3,4179,6.1,yes
12:20,24.7,81.1,3625,6.8,no
06:40,26.9,70.8,6127,6.7,yes
16:30,20.5,59.5,10219,6.5,no
10:50,31.5,87.4,8651,6.6,no
10:40,33.1,65.9,10465,6.1,no
07:20,25.6,74.7,7749,6.1,yes
04:30,30.0,82.6,7808,6.7,no
06:00,26.9,79.2,5421,6.4,yes
10:20,26.9,79.2,4002,5.7,no
06:00,27.8,78.8,7633,6.5,yes
07:50,26.7,70.3,6230,6.3,yes
18:10,24.0,57.7,7568,7.1,no
07:40,27.1,78.7,4262,6.1,yes
07:00,25.7,74.3,6127,6.6,yes
17:40,30.6,82.6,4843,6.5,no
07:10,25.7,76.0,6228,6.5,yes
06:10,27.8,76.5,5776,6.1,yes
12:10,21.3,61.0,7151,5.0,no
06:40,25.3,79.9,7049,6.2,yes
03:40,32.1,86.5,9142,6.6,no
00:40,28.9,57.1,5132,6.4,no
06:50,25.4,78.3,5755,6.6,yes
16:40,22.2,82.7,2807,5.9,no
07:50,27.8,74.8,6767,6.3,yes
22:30,21.7,83.9,8282,6.0,no
12:30,33.0,64.5,4597,7.5,no
07:00,28.0,76.0,7275,6.6,yes
07:00,25.5,75.9,5499,6.0,yes
05:30,28.1,52.5,9028,5.8,no
20:10,24.6,61.3,10724,7.2,no
07:00,26.2,70.1,6040,6.7,yes
07:50,29.0,89.6,1983,6.9,no
07:20,25.8,72.2,6447,6.6,yes
17:30,23.0,82.0,4578,5.4,no
05:30,22.4,78.1,10534,5.1,no
21:40,28.6,77.6,2396,5.6,no
06:30,26.3,78.9,7779,6.3,yes
07:10,27.9,78.3,4350,6.2,yes
07:50,27.7,75.9,7100,6.3,yes
08:50,26.8,60.3,6731,5.2,no
12:40,27.9,64.3,11135,5.8,no
17:00,32.7,68.0,10079,6.6,no
06:30,25.6,71.2,7717,6.6,yes
08:00,21.8,60.9,6441,5.1,no
16:50,28.4,88.6,9057,5.8,no
16:20,31.9,51.6,6690,7.1,no
07:40,27.8,77.9,5823,6.7,yes
06:00,26.7,73.7,4026,6.5,yes
09:50,31.0,82.3,10174,5.6,no
06:20,26.6,77.1,4637,6.3,yes
11:00,32.8,89.9,7258,5.3,no
05:30,34.9,87.2,10230,5.1,no
07:00,25.8,76.8,7195,6.5,yes
15:30,25.3,63.5,8932,7.2,no
02:10,24.9,67.4,6275,5.8,no
07:50,26.3,71.2,7952,6.5,yes
07:40,25.2,77.5,5433,6.8,yes
22:20,25.5,67.2,6922,5.5,no
06:10,25.4,78.8,5624,6.6,yes
07:00,25.2,77.8,7336,6.0,yes
21:40,33.6,73.3,9334,5.0,no
02:50,29.7,80.7,3205,6.0,no
00:10,33.5,65.1,10673,6.8,no
06:00,34.3,84.3,3773,5.8,no
06:30,27.3,70.7,7794,6.8,yes
06:40,26.5,73.4,7591,6.0,yes
07:30,26.3,71.5,4006,6.4,yes
23:50,20.0,54.9,6963,6.6,no
18:30,29.9,52.6,4208,5.8,no
07:10,25.4,73.9,7785,6.1,yes
06:50,26.8,77.1,4490,6.3,yes
06:40,27.8,73.1,5961,6.3,yes
08:40,30.9,77.8,8580,5.3,no
21:00,20.3,54.6,8188,5.4,no
06:00,27.0,74.9,4875,6.5,yes
09:10,30.3,71.4,1851,6.4,no
04:50,26.9,59.2,1268,6.7,no
05:10,22.9,56.6,1894,6.2,no
06:10,25.9,75.9,7658,6.1,yes
07:00,27.1,76.5,7011,6.6,yes
15:10,27.4,63.1,11173,7.4,no
06:30,23.6,62.1,3463,7.0,no
14:10,31.8,80.8,9489,6.4,no
06:20,27.4,73.7,7836,6.4,yes
14:00,26.5,75.4,10017,6.9,no
07:40,26.6,71.5,6815,6.5,yes
19:40,23.4,81.5,2956,5.0,no
22:30,26.1,79.4,4659,5.2,no
15:00,22.1,73.8,8571,7.4,no
23:30,24.7,69.1,10955,5.9,no
07:20,27.6,78.0,4263,6.4,yes
18:20,29.7,86.8,9241,7.4,no
06:00,27.8,71.9,4088,6.1,yes
06:30,25.6,75.9,4908,6.4,yes
07:00,26.0,71.1,4569,6.4,yes
06:30,27.0,71.6,5764,6.7,yes
10:00,23.6,69.6,1202,7.3,no
07:10,26.2,76.6,5604,6.3,yes
07:00,31.9,54.5,1030,6.1,no
06:10,26.1,75.3,6715,6.3,yes
07:00,25.5,76.7,7164,6.8,yes
07:00,27.0,71.0,5202,6.8,yes
14:20,24.1,68.3,8525,6.0,no
07:50,26.7,73.2,7411,6.0,yes
07:00,26.6,74.1,6350,6.3,yes
02:40,26.7,72.7,9218,6.7,no
07:10,26.1,77.2,4399,6.8,yes
06:50,25.9,70.8,6252,6.8,yes
19:20,34.6,56.3,1244,7.1,no
05:40,21.4,75.6,10940,5.8,no
22:50,22.4,80.7,2650,5.8,no
06:00,28.0,74.9,6060,6.3,yes
06:30,31.5,65.9,7207,6.6,no
06:40,27.1,71.8,5322,6.0,yes
06:30,27.9,76.7,6308,6.1,yes
04:00,23.3,82.7,6004,5.9,no
06:20,27.8,71.5,5646,6.8,yes
11:20,26.8,60.2,3537,6.2,no
13:00,34.1,89.7,5197,5.2,no
07:00,27.9,76.0,5290,6.2,yes
07:10,27.6,71.4,5217,6.2,yes
06:20,26.7,71.6,4039,6.2,yes
20:40,30.7,86.3,8355,7.2,no
05:40,20.5,85.9,2584,5.8,no
06:30,27.0,74.2,6619,6.3,yes
07:50,26.6,76.0,7764,6.5,yes
12:20,25.4,51.5,5324,7.2,no
04:10,21.2,58.0,6330,5.5,no
15:00,22.5,86.9,11243,6.8,no
06:50,34.7,55.4,6103,5.9,no
06:50,25.6,74.4,6799,6.4,yes
07:10,27.7,73.2,5609,6.8,yes
07:20,26.3,74.6,5214,6.5,yes
06:20,27.0,72.0,5171,6.4,yes
06:10,25.5,70.9,4105,6.2,yes
06:30,25.2,75.5,7537,6.4,yes
22:50,31.7,82.0,3279,6.8,no
07:40,25.5,73.4,4453,6.3,yes
08:40,30.3,65.4,9459,6.0,no
06:20,27.8,72.2,5532,6.1,yes
18:30,23.9,61.4,3957,7.1,no
13:50,22.0,56.9,5284,6.0,no
07:10,27.2,75.3,7553,6.4,yes
02:50,24.5,59.7,2896,7.2,no
02:40,29.2,86.4,1257,7.1,no
21:50,33.5,74.8,10655,5.5,no
06:00,26.7,77.9,4225,6.0,yes
06:00,20.0,88.0,2864,6.1,no
08:00,23.9,73.1,2219,6.5,no
01:20,31.7,57.0,1265,6.0,no
04:40,22.4,87.5,3924,6.8,no
07:50,26.4,73.3,5046,6.1,yes
06:20,25.9,73.7,4642,6.5,yes
16:20,28.1,81.6,7413,6.4,no
02:50,22.7,76.4,4294,6.6,no
07:20,27.7,76.7,7115,6.0,yes
06:30,27.2,73.2,4514,6.5,yes
23:50,34.7,75.3,11248,7.2,no
06:10,26.0,74.2,5859,6.4,yes
16:20,24.4,58.1,10300,6.1,no
10:20,31.8,80.6,3874,6.5,no
13:40,21.7,50.7,10497,6.1,no
07:30,25.1,70.5,5024,6.2,yes
07:40,26.8,78.0,7424,6.1,yes
07:00,27.2,78.9,7761,6.7,yes
06:50,26.3,77.5,6311,6.5,yes
23:20,28.7,87.8,4805,6.4,no
03:10,23.5,65.8,1095,5.9,no
07:30,25.1,73.7,5755,6.2,yes
07:10,25.5,75.8,7819,6.8,yes
07:20,27.4,74.2,6119,6.5,yes
06:00,27.8,73.4,6820,6.3,yes
06:30,27.4,73.7,7962,6.5,yes
07:20,27.7,73.2,5920,6.0,yes
06:00,25.9,75.5,5756,6.6,yes
14:10,34.7,68.8,2904,5.9,no
22:20,34.0,66.6,11695,7.4,no
06:50,26.0,73.6,6362,6.2,yes
03:40,28.7,61.6,2417,7.3,no
16:00,20.5,87.2,10209,7.4,no
06:00,27.7,77.9,4939,6.3,yes
06:40,27.4,70.7,4304,6.2,yes
06:50,23.9,79.0,8417,6.6,no
06:50,25.8,78.0,4759,6.4,yes
07:50,27.3,77.5,4883,6.2,yes
19:50,26.0,71.4,2192,5.3,no
07:10,27.6,79.3,6527,6.8,yes
06:30,26.1,76.0,6958,6.6,yes
07:00,27.2,78.7,4125,6.8,yes
11:20,35.0,63.3,10393,5.8,no
06:20,27.1,74.4,6417,6.0,yes
07:20,27.8,78.6,5025,6.3,yes
11:50,22.7,78.0,3691,6.5,no
06:50,26.7,73.4,6306,6.7,yes
17:10,27.6,59.3,8144,7.1,no
13:20,31.7,51.0,9936,7.1,no
04:20,32.3,79.7,4438,6.2,no
18:30,26.8,80.5,8330,6.8,no
01:00,21.9,57.6,5853,6.8,no
06:20,32.3,78.9,6260,6.7,no
07:00,25.1,73.6,7839,6.1,yes
21:00,34.2,85.6,8754,6.3,no
00:50,28.7,51.6,4956,5.3,no
06:20,27.2,72.2,4021,6.2,yes
15:30,32.6,88.0,11069,6.2,no
18:40,28.1,79.3,11742,7.2,no
22:00,22.4,61.6,10622,7.4,no
06:10,25.4,73.7,7607,6.1,yes
06:20,26.0,70.7,6582,6.5,yes
13:10,28.5,88.2,5499,6.0,no
06:40,26.6,71.3,6547,6.8,yes
06:00,26.9,70.4,4962,6.4,yes
00:30,23.9,79.5,11589,6.5,no
06:20,25.9,73.0,4959,6.4,yes
10:10,29.9,85.8,4775,7.0,no
06:00,26.5,79.3,5631,6.3,yes
06:20,27.4,77.4,4205,6.4,yes
00:00,21.4,82.1,8485,6.1,no
07:40,28.0,73.9,7032,6.3,yes
19:00,31.1,63.8,9416,7.3,no
07:30,26.9,77.8,7046,6.6,yes
11:30,34.4,59.7,10478,5.0,no
06:20,27.5,70.8,6044,6.6,yes
12:50,34.9,61.8,1391,7.2,no
00:50,32.6,68.2,6438,6.9,no
07:40,26.8,69.8,7410,6.9,no
06:30,27.5,77.3,7446,6.5,yes
08:10,26.3,80.3,6942,7.3,no
17:20,22.3,65.2,7471,5.7,no
06:30,26.4,78.1,4267,6.1,yes
06:10,26.1,72.4,6528,6.4,yes
06:40,25.4,71.4,5726,6.0,yes
07:30,26.5,70.5,4348,6.2,yes
02:10,22.1,88.8,10015,6.3,no
07:10,27.1,78.9,4504,6.5,yes
07:10,25.7,78.1,6028,6.7,yes
06:40,25.9,73.3,4382,6.6,yes
06:30,26.1,72.9,5236,6.7,yes
06:40,27.2,70.3,5462,6.2,yes
07:10,27.8,75.8,5435,6.8,yes
06:10,27.1,73.6,6767,6.7,yes
07:20,26.9,71.9,6291,6.7,yes
06:10,25.5,76.4,6022,6.6,yes
21:20,34.7,54.2,6000,5.7,no
16:40,20.9,56.1,4844,7.1,no
07:00,26.6,77.8,5000,6.7,yes
07:20,25.6,74.3,6378,6.6,yes
07:10,27.0,71.4,5791,6.1,yes
07:30,27.6,79.6,6909,6.0,yes
06:30,30.3,58.6,3361,5.9,no
18:10,25.9,61.4,10252,5.3,no
03:40,23.7,63.7,11111,5.9,no
07:40,26.6,73.4,6267,6.3,yes
06:50,26.8,79.0,6934,6.1,yes
16:10,28.1,50.4,7302,6.9,no
03:10,22.8,77.2,5086,5.7,no
07:10,27.3,71.9,5760,6.4,yes
07:40,26.9,75.7,7433,6.4,yes
06:20,27.4,75.5,6022,6.6,yes
07:30,27.3,76.7,5125,6.7,yes
22:10,28.2,76.2,6149,6.0,no
06:50,27.3,71.8,5718,6.4,yes
01:40,22.7,53.0,6945,5.7,no
06:40,25.8,76.0,7607,6.0,yes
07:20,27.7,77.1,6177,6.4,yes
07:30,25.0,75.4,5119,6.6,yes
11:20,25.4,68.6,2713,7.5,no
06:00,25.3,70.3,5614,6.5,yes
06:20,32.6,66.6,10031,7.2,no
07:40,25.9,77.5,7285,6.1,yes
03:00,34.3,85.5,4530,6.2,no
07:20,26.8,76.6,6335,6.7,yes
06:00,25.9,74.4,6671,6.2,yes
16:50,23.1,80.1,8812,6.6,no
05:10,23.5,53.7,10826,5.2,no
12:30,34.8,82.9,7740,5.3,no
08:10,32.7,63.8,3204,7.4,no
06:20,26.1,79.9,4617,6.7,yes
12:40,21.2,56.2,1930,7.2,no
02:40,26.8,69.8,5179,6.1,no
06:20,27.3,70.6,7457,6.4,yes
06:40,26.3,78.4,6833,6.2,yes
07:30,27.9,72.4,7897,6.2,yes
04:00,35.0,68.0,8377,6.0,no
02:00,21.1,58.8,6127,7.4,no
12:30,25.1,73.5,6350,5.7,no
07:30,26.0,78.2,4582,6.0,yes
07:20,27.8,74.0,6375,6.1,yes
19:30,28.2,75.8,9225,5.9,no
05:40,34.5,71.7,2283,6.1,no
03:50,22.9,80.9,10668,6.3,no
07:50,26.2,71.2,4711,6.3,yes
15:30,30.5,56.0,10009,5.2,no
06:10,26.0,73.1,6889,6.5,yes
06:10,27.4,78.9,7733,6.5,yes
07:30,25.8,70.9,5458,6.7,yes
06:20,25.1,74.4,5369,6.7,yes
07:40,26.4,75.5,4150,6.2,yes
06:50,27.6,79.5,6373,6.7,yes
17:50,31.2,78.2,5554,5.6,no
08:40,22.2,77.1,10887,7.5,no
09:50,31.8,68.7,8232,6.1,no
06:30,25.0,79.9,4964,6.7,yes
07:50,25.0,79.1,6983,6.1,yes
06:00,26.1,73.5,5235,6.5,yes
19:10,21.6,84.4,5700,6.4,no
23:20,26.2,65.8,3505,5.2,no
06:30,25.7,73.8,6857,6.3,yes
07:30,27.1,70.5,7448,6.4,yes
18:50,30.8,56.3,5833,7.3,no
07:10,26.3,78.4,7123,6.1,yes
10:20,30.1,83.9,7590,7.5,no
09:10,21.3,83.4,3844,5.0,no
21:50,30.7,82.7,11160,5.9,no
15:10,26.4,52.0,5495,6.7,no
06:20,26.9,72.0,5165,6.8,yes
07:10,25.9,71.8,5544,6.0,yes
08:30,25.8,82.2,7978,5.3,no
07:30,30.1,81.8,1273,6.2,no
16:50,33.4,74.3,9288,5.4,no
06:30,27.0,73.4,5448,6.5,yes
07:10,25.5,74.5,5158,6.0,yes
07:40,26.8,71.8,4764,6.4,yes
16:00,29.9,66.7,3539,5.5,no
06:50,25.2,76.7,7401,6.3,yes
14:30,34.5,80.3,5560,5.3,no
00:10,26.4,68.9,11228,5.8,no
18:40,25.7,59.2,9419,6.3,no
07:50,25.7,75.4,5121,6.3,yes
06:50,20.8,66.6,6369,6.0,no
06:50,26.2,77.5,6605,6.2,yes
19:20,22.8,81.8,10927,6.5,no
06:50,25.2,74.8,6512,6.6,yes
06:00,26.7,79.8,4540,6.7,yes
07:10,25.0,71.6,6884,6.5,yes
17:40,22.2,69.6,3828,7.2,no
11:50,26.3,55.5,5217,5.9,no
06:50,28.0,77.6,5439,6.2,yes
06:10,28.9,62.8,9397,5.2,no
06:00,27.6,79.3,4781,6.6,yes
23:10,25.5,84.4,5185,6.9,no
21:10,20.1,54.4,2773,6.8,no
07:40,23.9,60.0,7571,5.3,no
04:20,28.5,52.5,7597,6.8,no
06:10,27.5,78.6,6727,6.5,yes
11:20,21.1,58.6,1771,6.2,no
06:20,25.8,73.5,4400,6.4,yes
15:30,31.5,54.8,9701,7.3,no
23:30,34.4,72.0,2632,5.1,no
20:50,20.5,50.4,3952,6.5,no
07:20,23.5,71.4,1321,6.0,no
00:20,32.8,75.9,3617,7.2,no
03:50,26.6,65.9,3859,6.2,no
07:50,26.8,78.2,6128,6.6,yes
06:20,26.1,78.3,7460,6.6,yes
07:30,26.2,74.3,6697,6.1,yes
07:00,26.3,51.9,9174,6.4,no
12:10,31.1,85.3,10347,7.0,no
07:30,25.0,79.8,6914,6.0,yes
07:40,27.5,79.0,6523,6.2,yes
22:50,22.8,57.1,5973,6.5,no
06:20,27.0,79.8,5655,6.5,yes
13:10,26.0,75.2,8666,5.9,no
15:50,21.0,84.1,1686,5.8,no
10:50,25.1,75.8,1286,5.5,no
06:40,26.6,77.9,7486,6.7,yes
20:20,31.7,64.6,5677,7.1,no
15:20,31.0,58.9,11187,6.6,no
06:10,25.2,78.1,4766,6.5,yes
07:00,26.5,77.6,6256,6.5,yes
07:20,26.3,71.7,6253,6.8,yes
07:50,25.1,76.4,7285,6.8,yes
06:50,27.0,75.4,7651,6.1,yes
15:10,33.5,56.3,4645,6.2,no
12:00,33.9,84.0,1718,7.0,no
09:50,26.0,85.3,3637,7.4,no
02:50,33.3,76.4,11093,5.0,no
01:40,32.5,74.4,5049,6.8,no
07:40,27.7,78.7,7258,6.2,yes
04:40,27.8,53.2,10216,6.4,no
09:30,30.0,61.3,11836,5.2,no
07:40,26.5,79.5,4676,6.7,yes
07:20,26.1,78.5,5003,6.4,yes
04:50,28.8,86.0,5652,5.3,no
10:10,22.7,51.6,1118,6.8,no
01:50,24.0,61.0,1800,6.3,no
06:40,32.1,51.8,3310,5.1,no
14:20,23.0,78.2,8203,7.1,no
06:20,26.8,77.2,6952,6.2,yes
06:40,27.5,70.4,6385,6.7,yes
17:10,23.7,62.7,8645,6.0,no
10:00,24.1,55.9,6169,6.6,no
07:50,26.5,74.5,4998,6.0,yes
07:30,27.5,78.8,7842,6.5,yes
21:20,33.0,58.4,10856,7.5,no
22:00,22.7,72.4,11885,6.8,no
22:20,30.3,75.5,5477,6.2,no
01:40,22.9,81.5,4671,7.1,no
06:10,25.8,79.1,4327,6.3,yes
05:20,29.6,58.5,2707,6.7,no
06:10,27.9,76.5,4739,6.2,yes
21:00,29.4,51.1,2659,5.8,no
07:40,25.9,74.8,5617,6.6,yes
18:20,29.8,67.6,11402,5.1,no
07:20,26.8,75.3,4323,6.6,yes
07:50,26.2,78.6,4337,6.3,yes
00:30,31.1,65.4,10534,5.6,no
15:20,26.1,86.8,2707,5.2,no
06:40,25.7,70.1,4795,6.6,yes
16:20,30.8,59.3,8933,7.4,no
21:20,33.3,72.6,5162,7.3,no
07:40,27.3,72.9,6539,6.1,yes
07:10,27.3,74.3,6191,6.1,yes
16:10,21.7,87.9,7317,6.1,no
23:10,29.4,51.1,10527,6.2,no
16:00,22.8,70.2,11986,6.0,no
06:30,26.1,75.7,6435,6.3,yes
06:10,26.2,78.8,6191,6.2,yes
03:30,27.4,83.2,5619,6.9,no
20:10,27.9,84.8,5564,5.6,no
08:50,26.5,75.5,11499,7.5,no
12:00,25.9,63.8,7633,6.7,no
01:10,34.9,54.7,6712,6.7,no
20:40,22.7,58.1,7898,6.2,no
03:00,31.9,65.2,11127,7.3,no
07:40,25.6,75.2,5541,6.5,yes
17:30,25.0,72.7,3619,5.5,no
21:30,32.0,81.6,10663,6.5,no
07:00,26.8,74.1,7821,6.5,yes
07:30,26.7,77.3,7719,6.0,yes
07:30,25.0,76.5,6689,6.1,yes
06:30,27.1,72.2,6464,6.7,yes
03:00,28.8,54.4,9174,7.2,no
07:20,26.0,71.5,6939,6.8,yes
04:50,33.4,76.8,5622,5.4,no
18:40,34.7,82.3,10848,5.5,no
06:00,27.4,79.3,6157,6.5,yes
16:50,25.5,77.4,1930,6.2,no
06:50,27.2,73.6,4620,6.5,yes
07:00,26.4,71.3,6670,6.4,yes
06:10,27.6,75.4,5138,6.7,yes
20:10,26.3,75.1,8368,7.0,no
06:20,26.8,74.9,6579,6.6,yes
07:30,25.9,79.2,7822,6.6,yes
07:10,28.0,74.4,6554,6.7,yes
07:40,26.7,78.7,6452,6.2,yes
08:00,20.3,65.5,2542,6.0,no
07:50,26.9,79.1,4940,6.7,yes
06:00,26.7,76.1,5464,6.5,yes
20:10,24.3,57.8,4501,5.8,no
13:20,28.4,73.4,8469,5.4,no
00:20,22.5,86.4,3347,5.4,no
07:30,25.1,73.7,7980,6.2,yes
01:00,31.9,65.5,11937,5.3,no
20:50,31.3,72.3,5642,5.4,no
08:40,25.9,52.7,4323,5.0,no
03:50,29.9,86.9,2132,5.6,no
17:40,24.1,84.6,11190,6.1,no
19:30,25.5,83.1,7099,7.2,no
12:20,21.1,52.1,10416,6.9,no
06:30,26.0,78.8,4630,6.3,yes
07:40,27.1,74.2,7597,6.0,yes
07:00,25.8,76.3,5595,6.4,yes
14:30,31.5,76.0,1683,6.8,no
12:40,31.4,53.9,11486,5.1,no
09:50,31.2,66.1,3223,6.3,no
07:30,26.8,77.8,5122,6.3,yes
05:40,23.5,78.7,5246,5.4,no
07:20,26.4,77.7,7811,6.6,yes
06:20,27.7,74.9,7891,6.5,yes
03:10,23.3,63.2,9039,7.0,no
13:50,25.1,52.5,11947,6.8,no
06:10,25.1,72.6,7418,6.4,yes
18:00,31.2,54.5,10952,5.8,no
07:00,25.6,72.0,4563,6.1,yes
11:30,25.7,56.5,8258,7.2,no
07:10,26.8,79.5,7675,6.3,yes
06:50,28.0,73.4,5921,6.7,yes
06:50,26.7,72.5,6713,6.8,yes
06:50,26.1,70.6,7202,6.0,yes
07:40,27.4,73.6,7369,6.6,yes
14:00,25.1,55.8,7167,6.8,no
06:30,25.6,71.5,6089,6.6,yes
07:00,26.9,78.2,4865,6.2,yes
06:10,26.6,72.2,6170,6.3,yes
06:10,26.1,77.4,6912,6.6,yes
21:10,27.9,88.5,6530,6.4,no
07:00,27.7,70.9,7567,6.0,yes
06:30,26.2,71.3,4768,6.5,yes
09:10,31.5,86.2,5037,6.9,no
07:30,25.6,75.2,5822,6.7,yes
01:10,33.7,69.3,10517,5.0,no
07:20,25.5,75.4,5064,6.3,yes
12:50,34.5,69.0,2641,6.4,no
05:00,24.4,58.4,2050,6.4,no
07:30,26.1,75.5,7658,6.7,yes
07:10,27.0,71.7,6386,6.5,yes
06:40,25.4,75.6,7279,6.2,yes
06:20,25.8,79.8,4628,6.0,yes
07:40,27.6,79.9,4195,6.3,yes
07:40,25.6,79.8,5235,6.1,yes
07:30,25.3,79.5,5356,6.4,yes
06:20,26.3,77.1,4240,6.4,yes
07:20,25.4,74.1,6019,6.3,yes
18:40,27.8,60.1,11915,7.0,no
06:40,27.4,72.5,4780,6.4,yes
00:20,30.7,53.6,7840,7.5,no
07:30,25.9,67.9,6072,7.3,no
06:50,25.7,79.6,7074,6.8,yes
06:50,25.3,73.6,5800,6.5,yes
06:30,26.6,79.9,6387,6.1,yes
03:30,30.2,89.5,1165,7.5,no
06:00,25.6,79.6,6234,6.1,yes
07:50,25.1,71.7,5051,6.1,yes
06:00,25.4,71.8,5850,6.5,yes
06:00,25.2,76.6,6988,6.7,yes
07:50,27.5,79.5,6970,6.1,yes
06:40,27.9,79.5,5451,6.1,yes
15:50,25.3,82.1,5517,6.2,no
09:20,21.9,61.5,1530,6.1,no
19:00,24.0,81.9,4897,5.7,no
09:40,23.7,58.6,3309,7.4,no
09:00,34.2,63.1,10842,7.1,no
07:20,27.5,78.2,6362,6.5,yes
07:20,33.3,89.5,2056,6.8,no
07:50,27.5,79.6,4963,6.6,yes
07:50,28.6,83.4,7833,7.3,no
05:50,22.9,51.4,7888,7.3,no
06:20,27.2,70.3,5201,6.7,yes
04:40,23.1,89.3,3553,6.9,no
07:10,20.5,64.1,10100,5.1,no
06:00,27.1,75.7,7403,6.6,yes
07:40,25.0,75.8,4842,6.0,yes
16:30,30.6,75.2,1354,6.9,no
16:00,21.1,65.8,8172,5.3,no
08:20,29.8,69.6,8974,5.1,no
18:00,26.7,65.9,3658,6.8,no
01:30,30.9,57.3,3127,5.4,no
06:10,25.5,75.7,6298,6.0,yes
22:50,20.5,55.3,6184,7.0,no
06:30,27.1,71.7,7546,6.7,yes
08:00,32.3,73.1,5594,5.8,no
11:10,22.8,75.4,7206,6.5,no
07:10,32.1,81.9,10129,6.1,no
06:00,27.3,75.0,6461,6.1,yes
06:30,26.2,78.0,5102,6.6,yes
05:40,32.5,71.5,10687,5.3,no
06:40,26.7,60.7,11358,6.9,no
07:20,27.6,78.4,4841,6.5,yes
07:40,27.0,73.0,4889,6.5,yes
06:00,26.0,78.4,6835,6.6,yes
07:40,25.3,75.4,6432,6.8,yes
06:20,25.2,76.4,7481,6.6,yes
07:10,27.8,79.0,7047,6.6,yes
06:10,26.6,74.2,6800,6.6,yes
12:20,25.7,55.5,3593,6.3,no
07:30,27.5,77.2,7794,6.3,yes
06:20,27.0,74.9,6696,6.5,yes
08:00,26.9,58.7,10142,5.5,no
06:40,25.2,74.5,4897,6.7,yes
22:10,31.7,81.1,1895,6.6,no
20:00,29.8,84.1,11836,5.5,no
07:40,25.1,72.6,7602,6.8,yes
12:10,21.5,70.5,10282,7.1,no
07:20,25.7,76.3,7128,6.3,yes
07:00,25.8,76.9,4912,6.1,yes
06:50,25.7,72.4,4557,6.4,yes
02:20,28.0,88.5,11498,5.2,no
05:20,22.5,86.9,9353,5.2,no
06:50,26.2,74.8,5265,6.2,yes
07:00,27.1,71.2,4146,6.4,yes
17:00,22.5,71.8,5920,6.0,no
07:30,26.4,72.4,4221,6.3,yes
07:00,25.1,79.5,7462,6.1,yes
21:50,29.9,64.5,4606,6.4,no
07:40,27.9,73.8,7659,6.0,yes
07:10,25.4,70.8,5928,6.1,yes
06:40,32.9,61.9,5539,7.1,no
07:40,26.5,73.2,6327,6.5,yes
07:20,27.7,75.4,6063,6.2,yes
17:20,21.7,77.7,7596,6.0,no
06:50,25.7,75.1,5181,6.1,yes
10:00,27.3,65.3,1269,6.5,no
07:20,27.1,73.2,6347,6.3,yes
18:20,34.3,89.7,7801,5.6,no
08:30,28.5,76.8,6846,7.4,no
12:50,24.3,72.4,9767,7.2,no
23:40,34.8,66.9,8147,6.5,no
06:10,21.4,59.8,9657,6.2,no
17:30,28.4,84.4,2675,5.1,no
15:50,26.5,82.1,11646,6.8,no
06:30,27.5,72.6,5009,6.7,yes
12:10,32.9,67.9,9649,6.6,no
06:40,26.7,73.3,5237,6.2,yes
07:10,26.6,75.2,7111,6.5,yes
07:40,25.3,76.1,4521,6.3,yes
19:40,25.0,69.1,2052,6.5,no
23:10,26.5,77.0,10613,6.1,no
07:00,27.3,73.0,6963,6.4,yes
07:00,25.9,77.7,5156,6.5,yes
08:50,30.0,56.5,9884,6.1,no
06:30,26.8,73.9,4181,6.2,yes
07:40,27.6,71.4,4457,6.3,yes
06:20,25.2,71.8,7294,6.5,yes
07:10,25.8,78.1,5569,6.3,yes
07:30,27.5,71.6,4870,6.6,yes
07:30,26.2,78.7,7292,6.1,yes
05:10,21.4,58.8,11671,6.4,no
07:50,25.1,74.4,5240,6.1,yes
15:00,32.1,51.1,10847,6.5,no
06:30,27.7,73.4,7740,6.2,yes
06:30,25.0,76.1,7226,6.4,yes
00:00,30.5,56.8,9230,5.8,no
06:10,27.9,72.7,7361,6.2,yes
07:30,26.2,71.8,5999,6.3,yes
07:50,27.1,79.0,4165,6.7,yes
07:50,27.0,76.5,5743,6.3,yes
10:00,23.5,61.8,2888,6.9,no
19:30,26.8,77.5,1707,5.1,no
06:20,27.2,75.1,6355,6.2,yes
09:40,22.4,85.9,11726,5.3,no
06:40,27.6,74.7,5730,6.2,yes
06:10,27.6,76.4,7255,6.1,yes
07:40,27.9,77.6,5560,6.7,yes
06:00,26.2,77.7,5335,6.7,yes
23:20,28.6,73.8,8876,6.6,no
04:30,31.3,77.6,2221,6.8,no
07:30,25.0,77.7,6764,6.6,yes
06:30,25.2,76.7,5538,6.1,yes
10:30,20.4,83.1,4871,7.3,no
06:50,27.4,73.5,5255,6.1,yes
06:20,25.8,72.1,6138,6.1,yes
06:00,26.0,72.2,4789,6.0,yes
00:00,22.8,69.3,9888,6.5,no
12:10,21.4,55.7,8444,6.2,no
06:00,26.9,76.6,6431,6.3,yes
07:50,25.1,73.8,7330,6.1,yes
13:40,25.3,85.9,4757,7.4,no
07:30,26.6,72.7,5593,6.3,yes
22:30,33.4,83.0,2327,6.0,no
07:20,25.6,71.6,6777,6.2,yes
21:30,28.0,80.9,3434,5.4,no
01:10,27.7,84.6,4957,6.9,no
01:50,20.3,81.6,7326,6.0,no
06:30,25.9,73.0,5256,6.3,yes
06:10,26.9,75.0,4236,6.3,yes
07:40,27.5,70.9,7751,6.0,yes
07:00,25.6,79.1,4401,6.4,yes
06:20,25.7,72.2,5438,6.0,yes
07:30,32.5,55.8,9088,7.3,no
21:40,26.0,52.3,5428,7.0,no
23:50,21.1,61.6,6156,5.3,no
11:20,31.5,89.8,9180,5.3,no
03:50,29.9,88.8,2073,5.8,no
06:40,26.2,77.0,7283,6.1,yes
17:20,24.0,72.9,10706,5.0,no
06:00,25.7,75.8,7190,6.3,yes
08:20,22.3,57.6,7852,6.6,no
06:40,26.0,78.4,5686,6.6,yes
07:40,27.9,70.5,4828,6.7,yes
14:00,20.4,65.6,11890,7.0,no
23:30,34.1,71.2,6456,5.1,no
06:00,25.9,73.5,7720,6.3,yes
06:10,26.2,74.9,7537,6.5,yes
06:00,25.1,73.2,7175,6.5,yes
19:40,34.7,65.7,8628,5.9,no
07:10,25.1,71.5,6478,6.6,yes
19:10,22.4,62.2,1458,6.6,no
06:30,25.7,76.7,4905,6.5,yes
07:00,26.6,74.5,7575,6.3,yes
07:50,26.7,73.6,5968,6.1,yes
20:40,20.0,70.9,11847,6.0,no
06:20,33.7,63.9,11414,5.0,no
06:40,26.5,71.7,7715,6.8,yes
06:50,26.6,78.2,4207,6.7,yes
13:30,24.7,55.0,3343,7.3,no
11:30,23.0,77.7,7365,5.5,no
07:50,27.0,77.0,7261,6.1,yes
00:10,31.4,66.6,11440,5.7,no
02:10,27.3,63.8,9348,7.4,no
15:40,23.9,73.8,7676,6.9,no
22:20,25.2,67.7,8587,5.0,no
09:20,33.1,86.8,11959,7.1,no
11:00,32.7,89.5,2015,6.0,no
07:20,27.6,79.1,5844,6.5,yes
06:40,26.6,79.7,4058,6.2,yes
06:20,26.3,74.9,5309,6.4,yes
10:40,30.7,64.3,11203,7.3,no
02:00,24.7,73.0,2519,6.7,no
05:20,32.8,69.0,5899,7.4,no
10:50,32.5,53.8,3685,5.4,no
12:10,22.8,65.6,10554,5.4,no
07:40,25.7,79.4,4279,6.6,yes
07:50,27.0,70.2,6090,6.2,yes
06:00,26.2,76.3,5299,6.5,yes
13:20,26.3,71.5,7034,6.0,no
07:10,26.7,77.2,4587,6.1,yes
06:50,26.8,77.0,5792,6.5,yes
06:40,27.0,71.0,4084,6.6,yes
08:10,30.9,69.1,7651,7.4,no
06:00,33.7,88.1,2565,7.3,no
02:30,25.1,59.2,2468,6.6,no
04:50,25.2,59.6,5048,5.5,no
20:40,29.9,86.1,5085,5.2,no
06:40,27.7,76.6,6640,6.8,yes
06:20,26.6,78.7,6044,6.5,yes
06:30,26.1,75.2,4608,6.5,yes
09:00,27.9,87.2,1569,5.0,no
07:30,27.9,73.7,6971,6.8,yes
02:30,26.4,74.3,4875,6.8,no
06:40,34.8,78.5,5293,6.7,no
04:10,20.8,80.1,2165,5.0,no
06:00,25.2,71.5,7248,6.3,yes
19:00,28.7,63.4,9692,6.1,no
00:50,28.9,85.0,5545,5.1,no
22:40,22.2,70.8,1801,6.7,no
15:00,26.5,77.6,7830,5.4,no
21:40,24.7,80.2,3827,7.4,no
07:40,25.4,72.5,5642,6.3,yes
10:50,27.7,80.3,7732,7.1,no
20:50,20.2,89.7,8011,5.3,no
06:40,25.3,74.3,5854,6.7,yes
17:10,31.8,62.5,1331,5.1,no
07:00,25.9,75.4,7553,6.2,yes
18:50,33.5,67.7,8809,7.5,no
11:40,30.5,71.1,7855,5.6,no
02:00,33.2,55.7,1648,7.2,no
07:50,27.4,71.9,4175,6.7,yes
06:00,25.7,78.8,6054,6.2,yes
10:20,30.2,80.4,5177,7.2,no
06:30,26.2,76.6,7982,6.5,yes
06:10,26.4,76.8,7651,6.0,yes
10:10,28.1,79.9,10424,6.3,no
07:20,27.6,79.0,4098,6.7,yes
13:00,27.3,63.6,1138,6.4,no
19:20,29.8,78.8,7050,6.0,no
06:10,27.3,73.4,4454,6.7,yes
06:00,25.3,71.6,4959,6.5,yes
07:00,25.8,73.1,4348,6.7,yes
06:40,27.9,78.9,7968,6.4,yes
06:30,25.3,75.8,7747,6.2,yes
13:10,26.0,64.1,4810,5.0,no
07:00,25.5,79.5,7577,6.3,yes
06:50,26.1,79.0,7885,6.6,yes
19:30,28.5,55.8,10947,7.5,no
07:30,25.1,79.6,4464,6.6,yes
07:10,25.9,79.0,4307,6.1,yes
15:40,28.2,53.5,2570,6.0,no
14:10,24.0,72.6,5623,5.2,no
05:30,30.0,80.9,10897,6.0,no
07:00,25.8,76.2,6598,6.4,yes
07:10,26.4,76.9,6004,6.1,yes
02:20,34.2,86.7,1204,6.0,no
06:30,27.2,71.5,6665,6.1,yes
07:20,27.9,75.3,7570,6.7,yes
06:30,27.4,73.0,5460,6.7,yes
07:00,26.7,77.3,5807,6.5,yes
23:30,21.9,82.9,4608,5.7,no
01:10,30.9,70.6,3380,6.1,no
06:10,26.1,77.2,4675,6.3,yes
06:10,26.0,71.8,6986,6.2,yes
07:30,25.6,55.5,3169,6.5,no
07:50,26.9,74.4,6070,6.1,yes
19:40,28.4,88.5,2428,5.2,no
13:30,21.0,50.9,6087,6.8,no
06:10,26.6,72.3,7104,6.3,yes
23:00,26.0,80.5,1725,6.2,no
07:00,26.6,72.0,5458,6.5,yes
01:30,30.2,85.3,5463,5.2,no
06:10,25.6,79.5,7571,6.1,yes
07:20,27.8,76.7,7038,6.5,yes
07:30,25.0,79.6,7192,6.6,yes
07:40,26.6,79.7,6490,6.6,yes
06:10,26.3,73.3,6328,6.1,yes
07:50,27.9,70.2,6384,6.4,yes
06:50,25.9,75.2,6910,6.1,yes
23:20,21.7,71.5,6641,7.4,no
03:10,26.8,85.2,9359,6.2,no
11:00,22.0,53.0,4109,5.7,no
07:00,26.6,78.4,6584,6.3,yes
06:30,27.0,71.8,7719,6.6,yes
23:40,25.3,80.1,4174,6.6,no
13:00,25.1,66.7,9569,5.6,no
07:50,26.8,74.7,5798,6.3,yes
07:30,25.9,77.5,7065,6.8,yes
06:50,27.0,73.4,6042,6.3,yes
07:00,26.6,71.1,6064,6.5,yes
14:20,23.1,73.4,11695,6.9,no
07:10,25.1,77.0,7389,6.1,yes
06:00,25.0,72.5,4472,6.3,yes
06:30,26.8,78.2,5509,6.7,yes
06:20,25.8,73.3,6651,6.7,yes
06:20,25.1,72.5,4903,6.7,yes
07:40,26.6,71.3,7591,6.1,yes
22:10,28.2,57.9,7486,6.6,no
02:40,28.9,68.4,7922,5.9,no
00:40,26.1,79.5,4149,5.2,no
06:20,27.8,77.6,7601,6.2,yes
21:40,23.1,74.5,1436,6.8,no
12:50,23.7,54.0,5834,6.8,no
17:30,26.4,51.7,8882,7.4,no
06:10,27.1,79.1,7105,6.5,yes
11:00,20.1,53.4,11602,5.7,no
06:20,25.6,76.7,7396,6.6,yes
07:10,27.8,70.9,4596,6.7,yes
11:50,28.9,57.6,6125,6.7,no
06:40,27.2,79.2,6804,6.5,yes
07:00,27.6,76.7,4835,6.7,yes
16:30,31.2,79.5,4317,5.2,no
07:40,26.6,74.3,4796,6.1,yes
04:20,27.8,71.3,3960,5.8,no
07:10,31.8,87.3,9779,5.8,no
07:50,26.4,75.6,7231,6.5,yes
19:30,27.5,61.4,9712,5.9,no
07:10,20.8,89.0,4637,6.8,no
04:30,23.6,74.3,3536,6.1,no
07:00,27.3,75.2,6280,6.5,yes
06:00,25.7,79.6,5848,6.3,yes
06:00,25.7,73.1,6113,6.6,yes
07:20,25.2,76.7,5764,6.2,yes
07:10,26.8,76.8,5068,6.7,yes
05:40,24.9,74.4,11480,5.0,no
06:10,27.6,72.8,4398,6.0,yes
14:00,28.5,89.8,10228,5.6,no
11:30,24.5,59.1,4715,6.6,no
14:00,24.8,79.4,3555,5.4,no
16:10,20.8,52.7,10422,6.3,no
00:00,23.7,69.8,11775,6.0,no
00:00,24.1,72.2,2972,5.4,no
06:20,26.3,77.9,7286,6.8,yes
05:50,29.8,66.1,6207,7.2,no
00:10,26.3,58.1,11393,7.2,no
04:20,25.2,88.1,8808,5.7,no
05:00,22.2,87.6,7251,5.5,no
02:30,34.0,73.0,6604,6.1,no
11:10,27.6,66.1,10756,5.4,no
01:40,22.4,57.1,8301,7.3,no
06:50,26.2,75.8,7220,6.5,yes
06:40,25.5,73.4,7203,6.3,yes
06:50,26.1,78.9,6910,6.6,yes
06:30,25.6,74.7,4174,6.6,yes
00:40,24.5,77.1,5508,6.8,no
07:30,25.4,72.9,4679,6.6,yes
19:00,28.2,63.4,7609,7.5,no
07:10,25.1,72.5,7656,6.5,yes
06:20,26.8,75.6,6870,6.3,yes
06:20,26.7,73.8,6054,6.1,yes
07:40,25.6,77.4,5180,6.6,yes
06:00,26.4,71.1,5621,6.0,yes
07:10,26.3,74.1,6441,6.3,yes
07:50,27.2,73.1,5909,6.2,yes
08:10,25.0,54.2,1870,6.2,no
06:00,26.9,77.4,7244,6.3,yes
07:50,26.8,75.6,6723,6.4,yes
07:10,34.3,61.5,2285,5.1,no
07:40,25.2,72.6,6346,6.3,yes
06:10,25.4,72.5,7188,6.1,yes
13:10,32.6,67.5,7468,7.5,no
07:40,26.5,78.1,4653,6.1,yes
07:30,27.2,70.5,6432,6.5,yes
09:10,22.1,62.6,10784,7.5,no
23:00,22.8,75.1,3215,5.8,no
06:10,26.6,78.9,7261,6.5,yes
01:40,27.2,62.3,1537,6.6,no
01:00,21.6,52.2,11550,6.1,no
15:50,34.5,70.3,5410,6.5,no
07:10,27.1,71.9,5312,6.1,yes
06:40,27.7,71.5,6574,6.8,yes
07:20,27.6,75.7,7594,6.1,yes
12:30,32.8,72.8,9654,7.2,no
06:50,27.6,78.5,4203,6.6,yes
12:50,29.7,85.5,10377,6.1,no
06:30,27.6,72.2,5183,6.7,yes
06:50,30.6,67.6,11658,6.1,no
12:20,24.0,60.9,9052,5.1,no
02:40,20.4,64.9,3781,7.4,no
06:00,27.6,73.3,7644,6.3,yes
19:50,29.4,67.4,5490,7.1,no
07:20,26.4,71.2,6480,6.3,yes
07:00,27.5,77.0,4096,6.4,yes
06:40,25.6,72.4,5615,6.5,yes
18:50,24.0,79.6,9653,7.1,no
07:50,26.5,70.5,5677,6.3,yes
21:20,34.7,79.0,2868,6.4,no
04:10,32.4,68.2,5577,6.2,no
07:10,25.6,72.9,5869,6.5,yes
14:50,21.2,60.5,4657,6.0,no
06:20,27.0,72.9,7612,6.3,yes
07:00,25.8,70.3,4012,6.7,yes
06:50,25.0,75.8,5480,6.5,yes
06:00,27.3,76.5,6899,6.1,yes
06:40,27.0,74.2,7348,6.5,yes
06:50,25.8,72.9,6291,6.2,yes
07:20,27.0,72.2,4539,6.4,yes
03:20,34.2,69.3,8921,7.2,no
19:10,28.7,65.2,11996,6.9,no
06:30,26.1,71.5,6633,6.3,yes
06:50,26.6,71.2,6969,6.1,yes
07:50,26.0,78.6,6920,6.3,yes
06:40,26.7,76.5,7055,6.2,yes
06:00,26.1,71.9,7509,6.6,yes
07:20,25.4,70.4,4215,6.3,yes
20:20,32.1,61.1,10659,7.2,no
18:00,31.0,66.7,6776,6.4,no
06:10,25.5,77.4,5321,6.2,yes
15:20,25.2,88.8,8185,6.9,no
07:50,26.9,77.5,5583,6.5,yes
07:30,25.6,77.7,7531,6.1,yes
07:20,27.7,73.3,7450,6.3,yes
06:20,26.3,78.8,5373,6.2,yes
13:40,31.3,74.1,11673,7.1,no
07:00,26.3,79.4,4445,6.6,yes
11:10,24.4,50.4,3753,6.1,no
06:10,26.8,73.5,6472,6.1,yes
18:10,21.2,69.0,8832,5.8,no
06:50,26.3,74.5,4697,6.6,yes
18:30,25.4,62.1,7117,6.4,no
07:00,27.3,71.8,7700,6.1,yes
06:20,26.4,75.2,6177,6.1,yes
06:20,25.7,70.3,6948,6.1,yes
11:50,34.5,59.9,4369,5.1,no
15:00,30.2,82.8,2618,6.7,no
07:00,27.1,70.9,5808,6.7,yes
22:30,28.3,73.5,2382,5.2,no
15:40,28.1,77.3,5847,6.0,no
07:20,27.1,89.9,4557,7.5,no
07:00,28.0,72.4,6422,6.1,yes
06:50,27.7,76.5,7494,6.1,yes
06:40,26.4,74.2,4853,6.1,yes
07:10,26.4,71.5,5043,6.1,yes
12:20,23.7,70.3,6621,7.2,no
06:30,26.5,73.1,4832,6.8,yes
07:10,28.9,59.7,3084,6.5,no
07:30,27.5,73.2,6434,6.1,yes
05:00,32.7,84.2,3619,5.2,no
06:10,27.7,78.3,7086,6.1,yes
07:30,25.5,74.0,4664,6.7,yes
03:20,26.1,60.4,11512,7.3,no
21:40,21.8,75.6,3353,5.2,no
07:40,27.5,77.7,7178,6.5,yes
07:30,27.5,79.8,5611,6.7,yes
05:10,30.4,65.6,9055,7.3,no
15:10,34.3,66.7,7598,5.4,no
06:40,26.0,75.3,4865,6.3,yes
07:20,27.5,74.4,5173,6.1,yes
14:50,26.5,72.2,9806,5.2,no
14:10,22.5,70.8,11652,5.5,no
06:00,25.3,74.5,7450,6.4,yes
14:30,26.3,62.8,8081,5.7,no
16:50,30.7,60.2,4094,5.1,no
18:00,28.5,63.9,6431,6.4,no
13:40,21.5,66.2,6295,6.7,no
07:40,25.8,79.7,5571,6.3,yes
00:00,27.0,83.6,11222,5.1,no
06:40,27.2,71.8,7707,6.3,yes
09:20,26.7,60.7,9036,5.2,no
07:40,31.1,85.7,1460,5.0,no
06:20,27.1,77.7,4611,6.7,yes
13:40,33.9,75.9,8833,7.1,no
22:40,28.3,76.1,3239,6.9,no
00:40,32.2,75.0,10987,6.3,no
09:20,27.4,73.6,2216,7.3,no
07:20,27.8,79.5,7770,6.4,yes
01:10,27.9,65.4,10746,5.8,no
01:40,26.9,67.6,11071,6.9,no
08:40,23.9,74.8,2162,7.4,no
07:20,25.4,70.8,4933,6.1,yes
06:40,26.2,75.4,4987,6.3,yes
02:50,33.1,75.5,5894,6.4,no
07:40,27.3,79.7,7783,6.6,yes
06:20,25.8,74.5,5235,6.1,yes
06:00,26.2,72.8,4142,6.6,yes
10:50,24.7,56.8,9619,6.5,no
07:10,26.8,75.7,4318,6.3,yes
06:10,25.7,74.1,6039,6.1,yes
14:40,32.1,54.7,8942,6.7,no
06:10,26.6,70.2,7283,6.5,yes
22:00,23.7,82.8,8322,5.5,no
23:40,26.5,77.0,3406,5.7,no
17:40,29.8,65.5,7101,5.7,no
10:20,29.7,73.2,7818,5.5,no
04:10,27.0,61.3,7725,5.3,no
21:00,22.3,68.7,7611,5.7,no
07:30,27.9,70.1,5673,6.7,yes
06:50,26.7,70.1,7862,6.2,yes
06:00,25.1,73.1,5951,6.2,yes
06:30,26.0,71.0,4967,6.5,yes
07:00,27.2,72.7,5911,6.6,yes
06:50,26.6,75.2,4178,6.3,yes
07:20,26.1,72.4,7357,6.7,yes
06:00,26.6,73.7,6919,6.3,yes
21:10,29.8,83.3,9540,6.2,no
14:40,20.9,57.8,3183,6.1,no
06:40,26.6,74.1,7163,6.5,yes
20:50,20.3,70.4,7578,5.5,no
06:30,24.1,85.8,3987,5.0,no
04:00,26.9,78.7,7256,5.3,no
07:40,26.7,76.1,6799,6.4,yes
07:30,25.6,79.2,4840,6.5,yes
07:10,27.8,71.4,6632,6.4,yes
21:30,32.9,85.4,4128,6.0,no
06:40,26.7,76.6,5806,6.4,yes
07:50,25.7,79.4,6151,6.7,yes
07:50,26.8,76.2,7296,6.6,yes
09:30,28.7,80.8,2415,5.8,no
06:10,27.5,72.7,5903,6.8,yes
17:20,23.2,71.3,8896,6.4,no
14:40,31.9,67.3,3708,6.8,no
00:10,23.5,61.4,10304,5.9,no
05:10,28.5,74.3,1671,6.2,no
06:00,27.0,76.5,7911,6.3,yes
07:10,25.6,74.6,6481,6.4,yes
15:30,21.5,50.5,10693,5.3,no
07:30,25.1,72.3,6875,6.2,yes
07:10,25.7,76.3,7514,6.8,yes
06:30,27.3,72.8,4487,6.1,yes
06:30,27.0,78.2,7677,6.5,yes
05:50,23.1,56.5,5187,5.0,no
07:40,26.9,74.7,4266,6.0,yes
15:20,30.9,86.8,4512,6.4,no
09:00,25.0,50.6,6556,5.7,no
15:10,23.7,82.0,9326,5.4,no
09:40,29.2,57.7,1235,5.5,no
11:00,32.9,71.3,2585,5.6,no
18:00,29.4,69.4,5484,7.1,no
19:30,33.1,58.1,5960,6.2,no
04:50,26.4,51.4,8192,6.8,no
15:20,23.5,83.4,9052,6.6,no
07:30,25.5,73.1,4878,6.4,yes
07:10,25.8,71.6,6684,6.5,yes
04:40,25.5,78.6,7606,6.7,no
07:40,27.4,75.6,4576,6.5,yes
23:30,33.7,55.0,9804,5.4,no
07:50,26.9,76.8,5015,6.2,yes
16:30,24.9,77.2,6481,7.2,no
07:30,25.4,72.6,7773,6.5,yes
06:10,26.6,71.4,6136,6.7,yes
23:20,33.6,62.2,2949,6.6,no
07:30,27.5,79.0,7581,6.7,yes
18:00,20.3,84.3,5901,5.1,no
07:10,25.1,75.3,5501,6.1,yes
11:40,26.9,56.7,3576,5.6,no
06:00,27.5,74.1,6952,6.1,yes
09:00,35.0,66.7,7450,6.4,no
07:50,27.7,72.5,5501,6.0,yes
06:20,26.0,78.8,4987,6.4,yes
04:00,30.2,84.2,10491,5.2,no
07:00,27.6,78.9,6132,6.3,yes
06:00,27.0,78.8,6225,6.4,yes
04:40,20.6,63.7,4135,6.8,no
07:10,27.2,71.1,7122,6.3,yes
06:20,24.8,86.0,10229,5.5,no
02:30,30.5,75.9,2189,6.0,no
00:50,30.2,81.4,3209,5.6,no
06:40,27.7,71.3,7413,6.3,yes
06:40,25.9,76.4,7452,6.4,yes
00:50,22.4,86.6,3091,5.6,no
06:20,28.0,71.3,5809,6.2,yes
06:50,26.1,77.2,4400,6.6,yes
07:00,26.8,73.8,6576,6.1,yes
12:00,21.7,55.5,7741,6.9,no
10:10,20.4,89.2,1642,5.1,no
07:50,26.6,70.4,4720,6.0,yes
10:30,23.9,57.0,10785,6.3,no
04:10,31.6,88.9,2760,5.1,no
15:30,20.3,56.8,6050,7.0,no
01:50,22.3,70.9,2263,7.3,no
10:10,24.6,61.4,4926,5.5,no
15:40,20.9,74.6,6546,7.2,no
07:10,27.8,74.5,5624,6.4,yes
06:20,26.9,72.7,4467,6.5,yes
07:20,34.0,65.1,11223,6.5,no
06:40,26.4,77.1,4057,6.2,yes
12:10,28.8,87.6,5643,5.8,no
18:30,32.3,60.3,7500,6.9,no
16:40,24.2,89.9,4551,7.3,no
07:30,27.4,72.9,4795,6.8,yes
06:10,27.0,70.6,6630,6.2,yes
19:20,30.7,86.6,6774,7.0,no
08:50,25.7,89.3,3693,6.3,no
18:10,26.9,84.4,1717,5.5,no
06:10,24.1,64.7,10705,5.5,no
06:00,27.2,77.2,6943,6.1,yes
07:50,25.6,79.8,7041,6.2,yes
06:50,26.8,77.0,5237,6.2,yes
16:10,32.0,71.2,7574,5.8,no
05:20,21.7,88.8,4400,6.0,no
07:50,28.0,78.2,6630,6.2,yes
07:00,25.9,74.3,5894,6.6,yes
07:30,27.2,72.0,6601,6.5,yes
07:00,25.7,78.7,4312,6.2,yes
06:00,26.1,72.6,6381,6.2,yes
20:40,30.0,70.0,9062,6.5,no
09:20,28.9,52.6,11781,7.0,no
02:00,25.4,55.2,6060,7.0,no
06:10,27.3,63.3,1351,6.2,no
22:40,24.3,71.6,3119,5.4,no
08:30,32.5,70.5,3088,6.1,no
07:40,26.5,71.0,4011,6.8,yes
10:50,22.4,82.7,6722,5.9,no
10:50,23.7,69.0,10043,6.5,no
06:00,25.9,73.5,4114,6.3,yes
18:20,20.8,87.7,10946,6.3,no
06:40,26.9,77.4,7372,6.2,yes
03:50,25.0,67.1,11318,7.3,no
05:00,21.5,75.8,4332,6.0,no
06:20,25.4,70.9,7565,6.0,yes
07:50,27.2,79.0,7464,6.3,yes
08:00,29.9,88.8,1981,6.8,no
10:40,32.8,85.6,7589,6.9,no
09:30,20.2,68.3,1691,6.8,no
02:20,27.2,83.0,7498,6.7,no
07:20,27.1,76.1,5697,6.6,yes
16:00,27.8,83.3,2310,5.6,no
07:40,25.7,71.8,7615,6.1,yes
06:20,27.7,71.0,7749,6.6,yes
07:30,27.8,77.3,4657,6.5,yes
07:40,27.7,71.9,6966,6.3,yes
06:00,27.9,72.6,4935,6.3,yes
06:30,26.9,75.1,5167,6.6,yes
13:30,26.3,64.0,6320,6.8,no
06:00,25.5,71.3,7928,6.7,yes
07:50,25.7,77.3,6859,6.5,yes
07:20,25.7,71.7,4547,6.6,yes
07:00,28.1,82.0,9881,5.9,no
02:30,24.0,55.7,1549,7.5,no
18:50,21.5,60.9,5962,5.3,no
15:20,33.9,77.9,10605,5.4,no
07:10,25.9,77.0,4162,6.1,yes
06:10,25.9,71.3,5889,6.4,yes
01:20,30.8,51.0,5804,5.8,no
07:20,26.7,77.7,4208,6.1,yes
09:30,27.1,67.4,5533,5.2,no
02:20,30.7,72.4,11438,6.9,no
06:20,27.6,73.2,4850,6.2,yes
06:00,27.1,77.2,6867,6.3,yes
18:30,31.0,74.4,4352,5.9,no
06:20,26.2,70.7,7230,6.3,yes
14:50,33.8,84.3,4311,5.3,no
02:00,29.3,88.0,6525,6.3,no
06:50,25.2,71.4,6474,6.2,yes
23:10,29.6,55.6,11529,5.1,no
07:00,27.5,75.2,7040,6.4,yes
07:50,25.9,76.1,4894,6.6,yes
07:10,27.6,75.3,4967,6.7,yes
06:00,25.5,74.8,7413,6.8,yes
06:30,25.9,72.1,4318,6.2,yes
06:40,25.4,76.0,7103,6.6,yes
14:30,25.5,52.1,9825,6.5,no
04:20,23.3,51.6,5808,5.4,no
07:20,27.9,77.2,4956,6.5,yes
06:40,26.7,76.4,4104,6.7,yes
16:20,34.6,52.2,2996,6.9,no
07:30,26.4,78.0,7998,6.7,yes
10:30,32.3,89.0,5331,5.5,no
06:40,25.6,72.4,6796,6.3,yes
07:00,25.4,71.2,5551,6.1,yes
07:30,27.9,79.0,6680,6.2,yes
07:40,23.2,69.1,6993,6.0,no
07:30,25.1,73.9,4759,6.3,yes
06:40,25.1,77.7,5523,6.7,yes
09:00,28.8,64.6,6117,7.2,no
06:50,26.2,76.9,5510,6.5,yes
07:20,25.0,77.6,6653,6.1,yes
14:30,27.5,53.5,11319,5.5,no
08:50,29.1,57.8,5411,5.7,no
07:30,25.9,75.9,5561,6.0,yes
07:00,25.5,77.0,5934,6.3,yes
22:00,33.3,51.4,5229,6.0,no
06:10,24.0,86.9,4863,5.2,no
